side,distance_usd,mean_cost_pct,weeks_in_average,weeks_with_hedging,hedge_openings,weeks_without_trades,weeks_without_entry_scenario,median_week_cost_pct,middle_half_week_cost_pct,historical_week_range_cost_pct,mean_omit_one_week_cost_pct
CALL,0.3,235.4867737609758,17,17,227,0,0,186.39101638516308,"[102.3864371883807,360.1198635925022]","[33.19194611626557,521.2130167753627]","[217.62888357257663,248.13020048877019]"
CALL,0.6,205.40194883038566,17,16,193,1,0,138.56443424324593,"[90.60900634592738,325.12779863312613]","[0,506.96051883590553]","[186.55453820504067,218.23957063228477]"
CALL,0.9,208.09495844751083,17,15,197,2,0,163.81260665214882,"[80.4458373739192,358.68917569402146]","[0,510.4937000393317]","[189.19503709802203,221.10089335048025]"
CALL,1.2,188.73190604345646,17,15,173,2,0,164.25641283938373,"[80.43620338913495,280.2034055943173]","[0,471.05549449038824]","[171.08668176552322,200.5276501711725]"
CALL,1.5,157.16679605229595,17,13,145,4,0,121.24140599522566,"[29.503023478397694,250.18597440578972]","[0,468.3619792548698]","[137.71709710213509,166.98972080556445]"
CALL,2.1,157.04233457144102,17,11,138,6,0,121.24284789848932,"[0.0,279.98490540460574]","[0,468.22213705993283]","[137.59359691591027,166.8574804821561]"
CALL,2.7,135.45985781969654,17,10,122,7,0,121.24346586752992,"[0.0,250.29050191741376]","[0,466.9867265608161]","[114.73942852337656,143.92609893342757]"
CALL,3.3,124.76856121297503,17,10,120,7,0,121.25871109826265,"[0.0,178.62052053824266]","[0,447.8908458485405]","[104.57341842325219,132.56659628878597]"
CALL,3.9,107.1120543307158,17,9,101,8,0,41.706956680054006,"[0.0,178.3189865117248]","[0,447.9586549209666]","[85.80914179382512,113.80655772638553]"
CALL,4.5,88.6430863551174,17,8,80,9,0,0,"[0.0,164.79077630141526]","[0,447.9981575793076]","[66.18339440360552,94.18327925231225]"
PUT,0.3,194.1443585497966,17,17,122,0,0,156.64763252308788,"[125.13274582087416,240.6981725975411]","[67.37210832537266,411.63667718551767]","[180.55108863506405,202.06762418882312]"
PUT,0.6,165.36689421393123,17,14,102,3,0,144.69060868936126,"[80.44606484950178,240.7778849880954]","[0,410.78530582546915]","[150.0282434882101,175.70232510230193]"
PUT,0.9,145.40190078265687,17,12,80,5,0,144.69060868936126,"[0.0,241.33493812562185]","[0,409.05973637032497]","[128.9232860584276,154.48951958157292]"
PUT,1.2,139.2524151939984,17,11,75,6,0,139.42104959584594,"[0.0,241.39855836919128]","[0,409.3007835198086]","[122.37439217363524,147.95569114362328]"
PUT,1.5,127.90168814559946,17,10,68,7,0,123.90724766884975,"[0.0,241.40701674982864]","[0,409.74617313974574]","[110.28640783346533,135.89554365469942]"
PUT,2.1,119.4960147088597,17,10,56,7,0,102.52008142161901,"[0.0,192.3724496745069]","[0,432.28092610421714]","[99.94695774664987,126.96451562816344]"
PUT,2.7,104.483639291952,17,10,48,7,0,68.4619028559848,"[0.0,139.3857978674623]","[0,441.3579356059973]","[83.42899577232417,111.013866747699]"
PUT,3.3,81.95946775032687,17,8,38,9,0,0,"[0.0,113.81921944545563]","[0,441.57027878173085]","[59.48379206086412,87.0819344847223]"
PUT,3.9,64.41368598352824,17,7,32,10,0,0,"[0.0,99.42365077125784]","[0,473.1253626177112]","[38.869206193891806,68.43954135749875]"
PUT,4.5,65.41421694414822,17,7,32,10,0,0,"[0.0,99.59049205034587]","[0,486.29831347661565]","[39.10896091086901,69.50260550315748]"
