side,distance_usd,mean_cost_pct,weeks_in_average,weeks_with_hedging,hedge_openings,weeks_without_trades,weeks_without_entry_scenario,median_week_cost_pct
CALL,200,189.29958559042265,19,19,141,0,0,189.24264776305748
CALL,400,149.0214336363777,19,18,112,1,0,119.27058004407999
CALL,600,130.00125443530305,19,17,93,2,0,113.03421717621885
CALL,800,119.59867857835071,19,15,86,4,0,99.25542057424646
CALL,1000,96.49025817217517,19,15,70,4,0,81.53115095491299
CALL,1400,85.94634615402877,19,14,60,5,0,73.20869242636881
CALL,1800,60.06604534626239,19,12,38,7,0,32.22259002535724
CALL,2200,45.75356457309916,19,10,28,9,0,30.976674219580847
CALL,2600,41.324153458501904,19,9,25,10,0,0
CALL,3000,24.34292953868155,19,6,16,13,0,0
PUT,200,161.74513114534886,19,18,123,1,0,166.3622792403449
PUT,400,149.65870406541322,19,17,107,2,0,145.52995272388173
PUT,600,116.71750223426095,19,15,90,4,0,102.06809335240106
PUT,800,106.56538328589347,19,15,77,4,0,88.32326662325009
PUT,1000,97.35105222008666,19,14,73,5,0,82.34474458126736
PUT,1400,75.73882656770212,19,12,43,7,0,53.42710265644788
PUT,1800,40.319404994906996,19,9,21,10,0,0
PUT,2200,35.89870440152169,19,8,17,11,0,0
PUT,2600,30.07265255931795,19,7,14,12,0,0
PUT,3000,28.784887434937286,19,6,13,13,0,0
