side,distance_usd,mean_cost_pct,weeks_in_average,weeks_with_hedging,hedge_openings,weeks_without_trades,weeks_without_entry_scenario,median_week_cost_pct,middle_half_week_cost_pct,historical_week_range_cost_pct,mean_omit_one_week_cost_pct
CALL,5,184.02098632499474,16,15,91,1,0,168.8618156567138,"[92.1861342166689, 239.93258706587278]","[0, 508.1906129456213]","[162.40967788361962, 196.28905207999438]"
CALL,10,176.73369294196308,16,15,90,1,0,168.0705857588364,"[92.9816339354623, 240.09542519313425]","[0, 431.3700452762572]","[159.7579361196768, 188.51593913809396]"
CALL,15,141.5270794360547,16,14,80,2,0,142.96094117894359,"[38.609889268926686, 207.5613679128956]","[0, 430.4430281203507]","[122.26601619043497, 150.96221806512503]"
CALL,20,134.08223359879557,16,14,77,2,0,113.6408994837319,"[38.60840538791132, 207.65460937228647]","[0, 430.45305242738704]","[114.32417901022279, 143.0210491720486]"
CALL,25,133.50478220327287,16,14,76,2,0,114.39268663751396,"[61.12153207861759, 207.20088366242493]","[0, 430.47095413700697]","[113.70703740769059, 142.4051010168244]"
CALL,35,113.67594397539668,16,12,61,4,0,97.84284162368952,"[22.62216433270327, 168.192125473783]","[0, 430.51392431580064]","[92.55341195270307, 121.25434024042312]"
CALL,45,107.72176663095146,16,12,53,4,0,98.41436102548151,"[22.592129215362007, 142.90286355715327]","[0, 430.5289659051623]","[86.20128667933741, 114.90321773968157]"
CALL,55,120.31463621671637,16,12,53,4,0,102.43825057879819,"[23.147511436397135, 173.9810841989602]","[0, 415.8839678451103]","[100.61001410815678, 128.33561196449745]"
CALL,75,93.58429094855234,16,10,46,6,0,72.89880976550917,"[0.0, 139.48421717423008]","[0, 415.92755328525215]","[72.09474012610568, 99.82324367845582]"
PUT,5,172.72208982601174,16,14,104,2,0,171.05115648455103,"[79.232513370947, 255.3444406629475]","[0, 383.4674561632413]","[158.6723987368631, 184.23689581441252]"
PUT,10,161.90921799958286,16,14,95,2,0,169.57569830405475,"[67.27589360332469, 255.34292856350243]","[0, 383.3817100959092]","[147.1443851931611, 172.70316586622172]"
PUT,15,132.9773904470883,16,12,77,4,0,113.77395879066302,"[29.21800032292601, 205.47092706391345]","[0, 376.5269062494215]","[116.7407560602661, 141.84254981022752]"
PUT,20,117.95560161157613,16,10,69,6,0,69.52151122240161,"[0.0, 205.4411402016775]","[0, 376.8027372775283]","[100.69912590051266, 125.81930838568121]"
PUT,25,95.36350560967773,16,10,56,6,0,51.5790011625692,"[0.0, 167.2785842596963]","[0, 376.94331564334556]","[76.59151827409987, 101.72107265032291]"
PUT,35,104.86798100647974,16,10,61,6,0,51.56244852589472,"[0.0, 194.56537146914505]","[0, 377.00799179999245]","[86.72531362024554, 111.85917974024505]"
PUT,45,86.45475452239153,16,8,50,8,0,12.371773261085815,"[0.0, 184.68113081531197]","[0, 288.6659496125904]","[72.97400818304494, 92.2184048238843]"
PUT,55,66.24492359522098,16,7,39,9,0,0.0,"[0.0, 161.71182217551558]","[0, 239.29449871438155]","[54.70828525394361, 70.66125183490237]"
PUT,75,75.27206986564808,16,6,42,10,0,0.0,"[0.0, 180.85310465162715]","[0, 264.40881596145545]","[62.66295345926092, 80.29020785669128]"
